{"ou": {"7djr_Sulfasalazine_minimized_2023-3-23-22:18": {"energy": -7.2, "nomligand": "7djr_Sulfasalazine_minimized_2023-3-23-22:18", "coordx": 7.292333333333334, "coordy": -2.0646666666666667, "coordz": 23.336000000000002, "logp": 0.5869000000000024, "molwt": 422.256291316, "complexity": 1.3766367263332728}, "7p51_Sulfasalazine_minimized_2023-3-23-22:18": {"energy": -8.0, "nomligand": "7p51_Sulfasalazine_minimized_2023-3-23-22:18", "coordx": 7.826333333333334, "coordy": -3.2853333333333334, "coordz": 21.985000000000003, "logp": 0.5869000000000024, "molwt": 422.256291316, "complexity": 1.3766367263332728}, "7k3t_Sulfasalazine_minimized_2023-3-23-22:18": {"energy": -7.5, "nomligand": "7k3t_Sulfasalazine_minimized_2023-3-23-22:18", "coordx": 8.084333333333333, "coordy": 16.72433333333333, "coordz": 1.2079999999999997, "logp": 0.5869000000000024, "molwt": 422.256291316, "complexity": 1.3766367263332728}, "7k3t_Diosmetin_minimized_2023-3-23-22:18": {"energy": -8.6, "nomligand": "7k3t_Diosmetin_minimized_2023-3-23-22:18", "coordx": 9.457749999999999, "coordy": 18.73525, "coordz": 1.7600000000000002, "logp": -3.0447999999999933, "molwt": 494.2363266559999, "complexity": 1.4341369805271946}, "7djr_Diosmetin_minimized_2023-3-23-22:18": {"energy": -8.8, "nomligand": "7djr_Diosmetin_minimized_2023-3-23-22:18", "coordx": 6.312749999999999, "coordy": -1.85775, "coordz": 23.203, "logp": -3.0447999999999933, "molwt": 494.2363266559999, "complexity": 1.4341369805271946}, "7p51_Diosmetin_minimized_2023-3-23-22:18": {"energy": -8.8, "nomligand": "7p51_Diosmetin_minimized_2023-3-23-22:18", "coordx": 8.28725, "coordy": -3.0575, "coordz": 22.896499999999996, "logp": -3.0447999999999933, "molwt": 494.2363266559999, "complexity": 1.4341369805271946}, "7p51_Carbocysteine_minimized_2023-3-23-22:18": {"energy": -4.7, "nomligand": "7p51_Carbocysteine_minimized_2023-3-23-22:18", "coordx": 8.128571428571428, "coordy": -2.602857142857143, "coordz": 18.282857142857143, "logp": -3.048499999999998, "molwt": 184.06380534809, "complexity": 3.2418673026836697}, "7djr_Carbocysteine_minimized_2023-3-23-22:18": {"energy": -4.8, "nomligand": "7djr_Carbocysteine_minimized_2023-3-23-22:18", "coordx": 6.098571428571428, "coordy": -0.4350000000000001, "coordz": -6.955714285714285, "logp": -3.048499999999998, "molwt": 184.06380534809, "complexity": 3.2418673026836697}, "7k3t_Carbocysteine_minimized_2023-3-23-22:18": {"energy": -4.3, "nomligand": "7k3t_Carbocysteine_minimized_2023-3-23-22:18", "coordx": 9.34, "coordy": 16.142857142857142, "coordz": 1.1900000000000002, "logp": -3.048499999999998, "molwt": 184.06380534809, "complexity": 3.2418673026836697}}, "Nicardipine_minimize": {"7djr_Nicardipine_minimized_2023-3-23-22:18": {"energy": -7.1, "nomligand": "7djr_Nicardipine_minimized_2023-3-23-22:18", "coordx": 15.626216216216216, "coordy": -3.5843243243243244, "coordz": -6.54054054054054, "logp": 1.2492000000000036, "molwt": 502.3850628040899, "complexity": 1.6683750351041793}, "7p51_Nicardipine_minimized_2023-3-23-22:18": {"energy": -6.7, "nomligand": "7p51_Nicardipine_minimized_2023-3-23-22:18", "coordx": 8.67162162162162, "coordy": -0.20891891891891892, "coordz": 22.72297297297297, "logp": 1.2492000000000036, "molwt": 502.3850628040899, "complexity": 1.6683750351041793}, "7k3t_Nicardipine_minimized_2023-3-23-22:18": {"energy": -6.8, "nomligand": "7k3t_Nicardipine_minimized_2023-3-23-22:18", "coordx": 17.90621621621622, "coordy": -0.5078378378378379, "coordz": -5.279189189189189, "logp": 1.2492000000000036, "molwt": 502.3850628040899, "complexity": 1.6683750351041793}}, "Nicotine_minimize": {"7p51_Nicotine_minimized_2023-3-23-22:18": {"energy": -5.2, "nomligand": "7p51_Nicotine_minimized_2023-3-23-22:18", "coordx": 8.03076923076923, "coordy": -2.3284615384615384, "coordz": 19.385384615384616, "logp": -0.3368999999999991, "molwt": 169.16992509208998, "complexity": 1.8857276720060387}, "7k3t_Nicotine_minimized_2023-3-23-22:18": {"energy": -5.0, "nomligand": "7k3t_Nicotine_minimized_2023-3-23-22:18", "coordx": 6.25076923076923, "coordy": 28.497692307692304, "coordz": -11.176153846153845, "logp": -0.3368999999999991, "molwt": 169.16992509208998, "complexity": 1.8857276720060387}, "7djr_Nicotine_minimized_2023-3-23-22:18": {"energy": -4.9, "nomligand": "7djr_Nicotine_minimized_2023-3-23-22:18", "coordx": 6.463846153846153, "coordy": 28.215384615384615, "coordz": -10.956153846153846, "logp": -0.3368999999999991, "molwt": 169.16992509208998, "complexity": 1.8857276720060387}}, "Montelukast_minimize": {"7k3t_Montelukast_minimized_2023-3-23-22:18": {"energy": -7.9, "nomligand": "7k3t_Montelukast_minimized_2023-3-23-22:18", "coordx": 17.146190476190476, "coordy": -0.5816666666666667, "coordz": -6.423571428571428, "logp": 8.070100000000009, "molwt": 591.46851594, "complexity": 1.1575658189553755}, "7djr_Montelukast_minimized_2023-3-23-22:18": {"energy": -6.6, "nomligand": "7djr_Montelukast_minimized_2023-3-23-22:18", "coordx": 24.654285714285713, "coordy": -1.9040476190476188, "coordz": 22.896428571428572, "logp": 8.070100000000009, "molwt": 591.46851594, "complexity": 1.1575658189553755}, "7p51_Montelukast_minimized_2023-3-23-22:18": {"energy": -9.0, "nomligand": "7p51_Montelukast_minimized_2023-3-23-22:18", "coordx": 15.800476190476191, "coordy": -0.5859523809523808, "coordz": -7.087142857142858, "logp": 8.070100000000009, "molwt": 591.46851594, "complexity": 1.1575658189553755}}, "Posaconazole": {"7k3t_Posaconazole_2023-3-23-22:18": {"energy": -8.5, "nomligand": "7k3t_Posaconazole_2023-3-23-22:18", "coordx": 4.71, "coordy": 9.758076923076924, "coordz": 4.436923076923077, "logp": 2.3344000000000067, "molwt": 726.533159096, "complexity": 0.8038230448462019}, "7p51_Posaconazole_2023-3-23-22:18": {"energy": -8.2, "nomligand": "7p51_Posaconazole_2023-3-23-22:18", "coordx": 15.280384615384616, "coordy": -1.393461538461538, "coordz": -8.903846153846155, "logp": 2.3344000000000067, "molwt": 726.533159096, "complexity": 0.8038230448462019}, "7djr_Posaconazole_2023-3-23-22:18": {"energy": -8.4, "nomligand": "7djr_Posaconazole_2023-3-23-22:18", "coordx": 4.4692307692307685, "coordy": 10.054423076923078, "coordz": 4.5144230769230775, "logp": 2.3344000000000067, "molwt": 726.533159096, "complexity": 0.8038230448462019}}, "Paracetamol_minimize": {"7k3t_Paracetamol_minimized_2023-3-23-22:18": {"energy": -5.0, "nomligand": "7k3t_Paracetamol_minimized_2023-3-23-22:18", "coordx": 5.883846153846155, "coordy": 27.09384615384615, "coordz": -12.095384615384619, "logp": 0.21780000000000016, "molwt": 159.125928784, "complexity": 2.1712966618489173}, "7djr_Paracetamol_minimized_2023-3-23-22:18": {"energy": -6.7, "nomligand": "7djr_Paracetamol_minimized_2023-3-23-22:18", "coordx": 6.01, "coordy": -0.5523076923076923, "coordz": -6.901538461538463, "logp": 0.21780000000000016, "molwt": 159.125928784, "complexity": 2.1712966618489173}, "7p51_Paracetamol_minimized_2023-3-23-22:18": {"energy": -5.4, "nomligand": "7p51_Paracetamol_minimized_2023-3-23-22:18", "coordx": 7.901538461538461, "coordy": -2.861538461538461, "coordz": 18.65461538461539, "logp": 0.21780000000000016, "molwt": 159.125928784, "complexity": 2.1712966618489173}}, "Chlorhexidine_minimize": {"7p51_Chlorhexidine_minimized_2023-3-23-22:18": {"energy": -8.0, "nomligand": "7p51_Chlorhexidine_minimized_2023-3-23-22:18", "coordx": 10.19, "coordy": 17.740227272727267, "coordz": 2.835681818181819, "logp": 0.2110000000000063, "molwt": 484.4689417920001, "complexity": 1.3795936169230512}, "7k3t_Chlorhexidine_minimized_2023-3-23-22:18": {"energy": -8.3, "nomligand": "7k3t_Chlorhexidine_minimized_2023-3-23-22:18", "coordx": 6.630681818181819, "coordy": 12.342045454545456, "coordz": 2.6029545454545455, "logp": 0.2110000000000063, "molwt": 484.4689417920001, "complexity": 1.3795936169230512}, "7djr_Chlorhexidine_minimized_2023-3-23-22:18": {"energy": -7.5, "nomligand": "7djr_Chlorhexidine_minimized_2023-3-23-22:18", "coordx": 9.865454545454543, "coordy": 17.56068181818182,