{"Sulfasalazine_minimized": {"7p51_Sulfasalazine_minimized_2023-3-23-23:27": {"energy": -7.92, "nomligand": "7p51_Sulfasalazine_minimized_2023-3-23-23:27", "coordx": 11.043999999999999, "coordy": -8.258666666666667, "coordz": 3.863000000000001, "logp": 0.5869000000000024, "molwt": 422.256291316, "complexity": 1.3766367263332728}, "7djr_Sulfasalazine_minimized_2023-3-23-23:27": {"energy": -7.36, "nomligand": "7djr_Sulfasalazine_minimized_2023-3-23-23:27", "coordx": 6.995666666666666, "coordy": -9.377666666666666, "coordz": 23.906, "logp": 0.5869000000000024, "molwt": 422.256291316, "complexity": 1.3766367263332728}, "7k3t_Sulfasalazine_minimized_2023-3-23-23:27": {"energy": -7.5, "nomligand": "7k3t_Sulfasalazine_minimized_2023-3-23-23:27", "coordx": 8.652999999999999, "coordy": -8.678666666666665, "coordz": 23.213, "logp": 0.5869000000000024, "molwt": 422.256291316, "complexity": 1.3766367263332728}}, "Nicardipine_minimized": {"7p51_Nicardipine_minimized_2023-3-23-23:27": {"energy": -7.52, "nomligand": "7p51_Nicardipine_minimized_2023-3-23-23:27", "coordx": 0.3908108108108109, "coordy": 22.20324324324325, "coordz": 8.793243243243245, "logp": 1.2492000000000036, "molwt": 502.3850628040899, "complexity": 1.6683750351041793}, "7djr_Nicardipine_minimized_2023-3-23-23:27": {"energy": -8.36, "nomligand": "7djr_Nicardipine_minimized_2023-3-23-23:27", "coordx": 8.893513513513515, "coordy": -9.166486486486487, "coordz": 2.908108108108108, "logp": 1.2492000000000036, "molwt": 502.3850628040899, "complexity": 1.6683750351041793}, "7k3t_Nicardipine_minimized_2023-3-23-23:27": {"energy": -8.11, "nomligand": "7k3t_Nicardipine_minimized_2023-3-23-23:27", "coordx": 3.0551351351351355, "coordy": 15.351621621621625, "coordz": -3.8116216216216214, "logp": 1.2492000000000036, "molwt": 502.3850628040899, "complexity": 1.6683750351041793}}, "Diosmetin_minimized": {"7djr_Diosmetin_minimized_2023-3-23-23:27": {"energy": -7.13, "nomligand": "7djr_Diosmetin_minimized_2023-3-23-23:27", "coordx": 0.01825, "coordy": -26.13175, "coordz": -0.99175, "logp": -3.0447999999999933, "molwt": 494.2363266559999, "complexity": 1.4341369805271946}, "7k3t_Diosmetin_minimized_2023-3-23-23:27": {"energy": -7.57, "nomligand": "7k3t_Diosmetin_minimized_2023-3-23-23:27", "coordx": 7.939500000000001, "coordy": -11.948500000000001, "coordz": 1.97025, "logp": -3.0447999999999933, "molwt": 494.2363266559999, "complexity": 1.4341369805271946}, "7p51_Diosmetin_minimized_2023-3-23-23:27": {"energy": -7.48, "nomligand": "7p51_Diosmetin_minimized_2023-3-23-23:27", "coordx": 1.02, "coordy": 20.0455, "coordz": 8.95675, "logp": -3.0447999999999933, "molwt": 494.2363266559999, "complexity": 1.4341369805271946}}, "Carbocysteine_minimized": {"7djr_Carbocysteine_minimized_2023-3-23-23:27": {"energy": -5.44, "nomligand": "7djr_Carbocysteine_minimized_2023-3-23-23:27", "coordx": 18.219285714285714, "coordy": 14.232857142857144, "coordz": -7.370714285714286, "logp": -3.048499999999998, "molwt": 184.06380534809, "complexity": 3.2418673026836697}, "7p51_Carbocysteine_minimized_2023-3-23-23:27": {"energy": -4.44, "nomligand": "7p51_Carbocysteine_minimized_2023-3-23-23:27", "coordx": 0.06642857142857131, "coordy": -23.459285714285716, "coordz": -3.1999999999999997, "logp": -3.048499999999998, "molwt": 184.06380534809, "complexity": 3.2418673026836697}, "7k3t_Carbocysteine_minimized_2023-3-23-23:27": {"energy": -3.78, "nomligand": "7k3t_Carbocysteine_minimized_2023-3-23-23:27", "coordx": -2.880714285714286, "coordy": -26.043571428571425, "coordz": -15.440714285714282, "logp": -3.048499999999998, "molwt": 184.06380534809, "complexity": 3.2418673026836697}}, "Nicotine_minimized": {"7djr_Nicotine_minimized_2023-3-23-23:27": {"energy": -5.58, "nomligand": "7djr_Nicotine_minimized_2023-3-23-23:27", "coordx": 5.444615384615385, "coordy": -8.99, "coordz": 20.533846153846152, "logp": -0.3368999999999991, "molwt": 169.16992509208998, "complexity": 1.8857276720060387}, "7k3t_Nicotine_minimized_2023-3-23-23:27": {"energy": -5.57, "nomligand": "7k3t_Nicotine_minimized_2023-3-23-23:27", "coordx": 20.932307692307692, "coordy": -19.93846153846154, "coordz": -0.8976923076923078, "logp": -0.3368999999999991, "molwt": 169.16992509208998, "complexity": 1.8857276720060387}, "7p51_Nicotine_minimized_2023-3-23-23:27": {"energy": -5.32, "nomligand": "7p51_Nicotine_minimized_2023-3-23-23:27", "coordx": 7.710000000000002, "coordy": -13.146153846153844, "coordz": 19.807692307692303, "logp": -0.3368999999999991, "molwt": 169.16992509208998, "complexity": 1.8857276720060387}}, "Montelukast_minimized": {"7p51_Montelukast_minimized_2023-3-23-23:27": {"energy": -9.15, "nomligand": "7p51_Montelukast_minimized_2023-3-23-23:27", "coordx": 8.166666666666666, "coordy": -7.7700000000000005, "coordz": 23.600952380952382, "logp": 8.070100000000009, "molwt": 591.46851594, "complexity": 1.1575658189553755}, "7k3t_Montelukast_minimized_2023-3-23-23:27": {"energy": -9.07, "nomligand": "7k3t_Montelukast_minimized_2023-3-23-23:27", "coordx": 3.02547619047619, "coordy": 16.64, "coordz": -5.907857142857143, "logp": 8.070100000000009, "molwt": 591.46851594, "complexity": 1.1575658189553755}, "7djr_Montelukast_minimized_2023-3-23-23:27": {"energy": -9.43, "nomligand": "7djr_Montelukast_minimized_2023-3-23-23:27", "coordx": 1.7514285714285716, "coordy": 19.823571428571427, "coordz": -13.284761904761906, "logp": 8.070100000000009, "molwt": 591.46851594, "complexity": 1.1575658189553755}}, "Posaconazole": {"7p51_Posaconazole_2023-3-23-23:27": {"energy": -8.9, "nomligand": "7p51_Posaconazole_2023-3-23-23:27", "coordx": 11.451923076923077, "coordy": -5.965769230769232, "coordz": 6.134423076923077, "logp": 2.3344000000000067, "molwt": 726.533159096, "complexity": 0.8038230448462019}, "7k3t_Posaconazole_2023-3-23-23:27": {"energy": -8.14, "nomligand": "7k3t_Posaconazole_2023-3-23-23:27", "coordx": 1.958076923076923, "coordy": 16.95980769230769, "coordz": -8.257692307692308, "logp": 2.3344000000000067, "molwt": 726.533159096, "complexity": 0.8038230448462019}, "7djr_Posaconazole_2023-3-23-23:27": {"energy": -8.09, "nomligand": "7djr_Posaconazole_2023-3-23-23:27", "coordx": 11.051346153846152, "coordy": -5.469807692307692, "coordz": 6.525192307692307, "logp": 2.3344000000000067, "molwt": 726.533159096, "complexity": 0.8038230448462019}}, "Paracetamol_minimized": {"7p51_Paracetamol_minimized_2023-3-23-23:27": {"energy": -5.12, "nomligand": "7p51_Paracetamol_minimized_2023-3-23-23:27", "coordx": 4.047692307692308, "coordy": 22.216153846153848, "coordz": -7.725384615384614, "logp": 0.21780000000000016, "molwt": 159.125928784, "complexity": 2.1712966618489173}, "7djr_Paracetamol_minimized_2023-3-23-23:27": {"energy": -5.32, "nomligand": "7djr_Paracetamol_minimized_2023-3-23-23:27", "coordx": 5.080769230769231, "coordy": 22.54769230769231, "coordz": -7.906923076923077, "logp": 0.21780000000000016, "molwt": 159.125928784, "complexity": 2.1712966618489173}, "7k3t_Paracetamol_minimized_2023-3-23-23:27": {"energy": -5.28, "nomligand": "7k3t_Paracetamol_minimized_2023-3-23-23:27", "coordx": 10.906923076923077, "coordy": -31.760769230769224, "coordz": 23.29615384615385, "logp": 0.21780000000000016, "molwt": 159.125928784, "complexity": 2.1712966618489173}}, "Chlorhexidine_minimized": {"7p51_Chlorhexidine_minimized_2023-3-23-23:27": {"energy": -7.59, "nomligand": "7p51_Chlorhexidine_minimized_2023-3-23-23:27", "coordx": 1.4120454545454546, "coordy": 20.33977272727273, "coordz": -10.490227272727273, "logp": 0.2110000000000063, "molwt": 484.4689417920001, "complexity": 1.3795936169230512}, "7djr_Chlorhexidine_minimized_2023-3-23-23:27": {"energy": -8.78, "nomligand": "7djr_Chlorhexidine_minimized_2023-3-23-23:27", "coordx": 1.5629545454545457, "coordy": 15.704318181818179, "coordz": -8.854545454545454, "logp": 0.2110000000000063, "molwt": 484.4689417920001, "complexity": 1.3795936169230512}, "7k3t_Chlorhexidine_minimized_2023-3-23-23:27": {"energy": -7.35,