{"Sulfasalazine_minimized.pdbqtlog": {"7djr_Sulfasalazine_minimized_2023-3-23-23:57": {"energy": -8.24, "nomligand": "7djr_Sulfasalazine_minimized_2023-3-23-23:57", "coordx": -1.6163333333333332, "coordy": 9.777, "coordz": -7.956333333333333, "logp": 0.5869000000000024, "molwt": 422.256291316, "complexity": 1.3766367263332728}, "7k3t_Sulfasalazine_minimized_2023-3-23-23:57": {"energy": -7.77, "nomligand": "7k3t_Sulfasalazine_minimized_2023-3-23-23:57", "coordx": 0.8870000000000001, "coordy": -1.697, "coordz": -10.928666666666667, "logp": 0.5869000000000024, "molwt": 422.256291316, "complexity": 1.3766367263332728}, "7p51_Sulfasalazine_minimized_2023-3-23-23:57": {"energy": -8.14, "nomligand": "7p51_Sulfasalazine_minimized_2023-3-23-23:57", "coordx": 2.437666666666667, "coordy": -1.1580000000000001, "coordz": -11.389333333333333, "logp": 0.5869000000000024, "molwt": 422.256291316, "complexity": 1.3766367263332728}}, "Nicardipine_minimized.pdbqtlog": {"7djr_Nicardipine_minimized_2023-3-23-23:57": {"energy": -7.72, "nomligand": "7djr_Nicardipine_minimized_2023-3-23-23:57", "coordx": 4.397837837837838, "coordy": -20.631891891891893, "coordz": -1.6535135135135135, "logp": 1.2492000000000036, "molwt": 502.3850628040899, "complexity": 1.6683750351041793}, "7p51_Nicardipine_minimized_2023-3-23-23:57": {"energy": -7.62, "nomligand": "7p51_Nicardipine_minimized_2023-3-23-23:57", "coordx": 20.456486486486487, "coordy": -17.554864864864868, "coordz": 1.6175675675675678, "logp": 1.2492000000000036, "molwt": 502.3850628040899, "complexity": 1.6683750351041793}, "7k3t_Nicardipine_minimized_2023-3-23-23:57": {"energy": -7.07, "nomligand": "7k3t_Nicardipine_minimized_2023-3-23-23:57", "coordx": 22.16216216216216, "coordy": -15.534324324324324, "coordz": 4.377567567567566, "logp": 1.2492000000000036, "molwt": 502.3850628040899, "complexity": 1.6683750351041793}}, "Diosmetin_minimized.pdbqtlog": {"7djr_Diosmetin_minimized_2023-3-23-23:57": {"energy": -8.75, "nomligand": "7djr_Diosmetin_minimized_2023-3-23-23:57", "coordx": 1.9774999999999998, "coordy": -4.6522499999999996, "coordz": -5.702250000000001, "logp": -3.0447999999999933, "molwt": 494.2363266559999, "complexity": 1.4341369805271946}, "7k3t_Diosmetin_minimized_2023-3-23-23:57": {"energy": -8.28, "nomligand": "7k3t_Diosmetin_minimized_2023-3-23-23:57", "coordx": 1.9164999999999999, "coordy": -2.43625, "coordz": -6.428, "logp": -3.0447999999999933, "molwt": 494.2363266559999, "complexity": 1.4341369805271946}, "7p51_Diosmetin_minimized_2023-3-23-23:57": {"energy": -8.47, "nomligand": "7p51_Diosmetin_minimized_2023-3-23-23:57", "coordx": 21.319499999999998, "coordy": -13.0765, "coordz": -0.5974999999999999, "logp": -3.0447999999999933, "molwt": 494.2363266559999, "complexity": 1.4341369805271946}}, "Carbocysteine_minimized.pdbqtlog": {"7djr_Carbocysteine_minimized_2023-3-23-23:57": {"energy": -6.02, "nomligand": "7djr_Carbocysteine_minimized_2023-3-23-23:57", "coordx": 17.792142857142856, "coordy": -17.990000000000002, "coordz": -2.002142857142857, "logp": -3.048499999999998, "molwt": 184.06380534809, "complexity": 3.2418673026836697}, "7k3t_Carbocysteine_minimized_2023-3-23-23:57": {"energy": -6.39, "nomligand": "7k3t_Carbocysteine_minimized_2023-3-23-23:57", "coordx": 9.012142857142859, "coordy": -19.33928571428571, "coordz": -7.345714285714285, "logp": -3.048499999999998, "molwt": 184.06380534809, "complexity": 3.2418673026836697}, "7p51_Carbocysteine_minimized_2023-3-23-23:57": {"energy": -6.4, "nomligand": "7p51_Carbocysteine_minimized_2023-3-23-23:57", "coordx": 1.4564285714285714, "coordy": -17.07357142857143, "coordz": 8.817142857142857, "logp": -3.048499999999998, "molwt": 184.06380534809, "complexity": 3.2418673026836697}}, "Nicotine_minimized.pdbqtlog": {"7p51_Nicotine_minimized_2023-3-23-23:57": {"energy": -5.26, "nomligand": "7p51_Nicotine_minimized_2023-3-23-23:57", "coordx": 8.103846153846153, "coordy": -2.7738461538461534, "coordz": 19.09692307692308, "logp": -0.3368999999999991, "molwt": 169.16992509208998, "complexity": 1.8857276720060387}, "7djr_Nicotine_minimized_2023-3-23-23:57": {"energy": -5.53, "nomligand": "7djr_Nicotine_minimized_2023-3-23-23:57", "coordx": 4.96923076923077, "coordy": -2.786923076923077, "coordz": -8.821538461538463, "logp": -0.3368999999999991, "molwt": 169.16992509208998, "complexity": 1.8857276720060387}, "7k3t_Nicotine_minimized_2023-3-23-23:57": {"energy": -5.33, "nomligand": "7k3t_Nicotine_minimized_2023-3-23-23:57", "coordx": 20.186923076923076, "coordy": 10.556153846153848, "coordz": -1.9153846153846155, "logp": -0.3368999999999991, "molwt": 169.16992509208998, "complexity": 1.8857276720060387}}, "Montelukast_minimized.pdbqtlog": {"7p51_Montelukast_minimized_2023-3-23-23:57": {"energy": -8.25, "nomligand": "7p51_Montelukast_minimized_2023-3-23-23:57", "coordx": 8.785238095238096, "coordy": 18.453333333333337, "coordz": 2.8950000000000005, "logp": 8.04140000000001, "molwt": 611.4138935240001, "complexity": 1.1575658189553755}, "7djr_Montelukast_minimized_2023-3-23-23:57": {"energy": -7.52, "nomligand": "7djr_Montelukast_minimized_2023-3-23-23:57", "coordx": 1.096904761904762, "coordy": -22.696666666666665, "coordz": 8.816428571428572, "logp": 8.04140000000001, "molwt": 611.4138935240001, "complexity": 1.1575658189553755}, "7k3t_Montelukast_minimized_2023-3-23-23:57": {"energy": -7.16, "nomligand": "7k3t_Montelukast_minimized_2023-3-23-23:57", "coordx": -1.1195238095238094, "coordy": 1.2773809523809523, "coordz": 4.467142857142857, "logp": 8.04140000000001, "molwt": 611.4138935240001, "complexity": 1.1575658189553755}}, "Posaconazole.pdbqtlog": {"7djr_Posaconazole_2023-3-23-23:57": {"energy": -7.34, "nomligand": "7djr_Posaconazole_2023-3-23-23:57", "coordx": 0.06192307692307692, "coordy": -1.9038461538461537, "coordz": -4.632884615384615, "logp": 2.3344000000000067, "molwt": 726.533159096, "complexity": 0.8038230448462019}, "7k3t_Posaconazole_2023-3-23-23:57": {"energy": -7.94, "nomligand": "7k3t_Posaconazole_2023-3-23-23:57", "coordx": 7.962692307692308, "coordy": 13.891923076923074, "coordz": 3.381153846153846, "logp": 2.3344000000000067, "molwt": 726.533159096, "complexity": 0.8038230448462019}, "7p51_Posaconazole_2023-3-23-23:57": {"energy": -7.65, "nomligand": "7p51_Posaconazole_2023-3-23-23:57", "coordx": 20.588653846153843, "coordy": -13.856923076923076, "coordz": 0.8444230769230769, "logp": 2.3344000000000067, "molwt": 726.533159096, "complexity": 0.8038230448462019}}, "Paracetamol_minimized.pdbqtlog": {"7p51_Paracetamol_minimized_2023-3-23-23:57": {"energy": -5.44, "nomligand": "7p51_Paracetamol_minimized_2023-3-23-23:57", "coordx": 5.130769230769232, "coordy": -0.9684615384615383, "coordz": -7.981538461538461, "logp": 0.21780000000000016, "molwt": 159.125928784, "complexity": 2.1712966618489173}, "7k3t_Paracetamol_minimized_2023-3-23-23:57": {"energy": -5.45, "nomligand": "7k3t_Paracetamol_minimized_2023-3-23-23:57", "coordx": 5.554615384615385, "coordy": -0.7269230769230769, "coordz": -7.723846153846153, "logp": 0.21780000000000016, "molwt": 159.125928784, "complexity": 2.1712966618489173}, "7djr_Paracetamol_minimized_2023-3-23-23:57": {"energy": -5.73, "nomligand": "7djr_Paracetamol_minimized_2023-3-23-23:57", "coordx": 5.663846153846153, "coordy": -1.113076923076923, "coordz": -7.7530769230769225, "logp": 0.21780000000000016, "molwt": 159.125928784, "complexity": 2.1712966618489173}}, "Chlorhexidine_minimized.pdbqtlog": {"7djr_Chlorhexidine_minimized_2023-3-23-23:57": {"energy": -10.05, "nomligand": "7djr_Chlorhexidine_minimized_2023-3-23-23:57", "coordx": 1.1279545454545454, "coordy": -7.171136363636364, "coordz": -9.274545454545454, "logp": 0.15360000000000462, "molwt": 524.3596969600002, "complexity": 1.3795936169230512}, "7k3t_Chlorhexidine_minimized_2023-3-23-23:57": {"energy": -8.93, "nomligand": "7k3t_Chlorhexidine_minimized_2023-3-23-23:57", "coordx": -1.1970454545454545, "coordy": 0.9129545454545454, "coordz": -13.208863636363638,