{"ou": {"7k3t_Sulfasalazine_minimized_2023-3-23-22:52": {"energy": -5.88567352, "nomligand": "7k3t_Sulfasalazine_minimized_2023-3-23-22:52", "coordx": 20.499333333333333, "coordy": -3.892666666666666, "coordz": -2.0676666666666668, "logp": 0.5869000000000024, "molwt": 422.256291316, "complexity": 1.3766367263332728}, "7djr_Sulfasalazine_minimized_2023-3-23-22:52": {"energy": -6.45785856, "nomligand": "7djr_Sulfasalazine_minimized_2023-3-23-22:52", "coordx": 23.697, "coordy": -0.14266666666666666, "coordz": 20.573333333333334, "logp": 0.5869000000000024, "molwt": 422.256291316, "complexity": 1.3766367263332728}, "7p51_Sulfasalazine_minimized_2023-3-23-22:52": {"energy": -7.62399673, "nomligand": "7p51_Sulfasalazine_minimized_2023-3-23-22:52", "coordx": 3.924, "coordy": -0.18166666666666664, "coordz": 20.228666666666673, "logp": 0.5869000000000024, "molwt": 422.256291316, "complexity": 1.3766367263332728}, "7djr_Diosmetin_minimized_2023-3-23-22:52": {"energy": -7.25505209, "nomligand": "7djr_Diosmetin_minimized_2023-3-23-22:52", "coordx": 24.60725, "coordy": 4.485, "coordz": 13.436000000000002, "logp": -3.0447999999999933, "molwt": 494.2363266559999, "complexity": 1.4341369805271946}, "7k3t_Diosmetin_minimized_2023-3-23-22:52": {"energy": -6.46976995, "nomligand": "7k3t_Diosmetin_minimized_2023-3-23-22:52", "coordx": 21.523500000000002, "coordy": -16.043, "coordz": 3.1225, "logp": -3.0447999999999933, "molwt": 494.2363266559999, "complexity": 1.4341369805271946}, "7p51_Diosmetin_minimized_2023-3-23-22:52": {"energy": -6.92381048, "nomligand": "7p51_Diosmetin_minimized_2023-3-23-22:52", "coordx": 24.57125, "coordy": 8.961, "coordz": 8.6395, "logp": -3.0447999999999933, "molwt": 494.2363266559999, "complexity": 1.4341369805271946}, "7djr_Carbocysteine_minimized_2023-3-23-22:52": {"energy": -4.33585691, "nomligand": "7djr_Carbocysteine_minimized_2023-3-23-22:52", "coordx": 8.167857142857143, "coordy": -4.998571428571429, "coordz": 24.544999999999998, "logp": -3.048499999999998, "molwt": 184.06380534809, "complexity": 3.2418673026836697}, "7k3t_Carbocysteine_minimized_2023-3-23-22:52": {"energy": -3.60184789, "nomligand": "7k3t_Carbocysteine_minimized_2023-3-23-22:52", "coordx": 23.914285714285715, "coordy": -1.645714285714286, "coordz": 25.94428571428572, "logp": -3.048499999999998, "molwt": 184.06380534809, "complexity": 3.2418673026836697}, "7p51_Carbocysteine_minimized_2023-3-23-22:52": {"energy": -4.51643848, "nomligand": "7p51_Carbocysteine_minimized_2023-3-23-22:52", "coordx": 13.483571428571432, "coordy": -1.1742857142857144, "coordz": -5.202857142857143, "logp": -3.048499999999998, "molwt": 184.06380534809, "complexity": 3.2418673026836697}}, "Nicardipine_minimize": {"7k3t_Nicardipine_minimized_2023-3-23-22:52": {"energy": -3.83483553, "nomligand": "7k3t_Nicardipine_minimized_2023-3-23-22:52", "coordx": 25.10756756756757, "coordy": 11.200810810810811, "coordz": 10.982972972972975, "logp": 1.2492000000000036, "molwt": 502.3850628040899, "complexity": 1.6683750351041793}, "7p51_Nicardipine_minimized_2023-3-23-22:52": {"energy": -5.49131346, "nomligand": "7p51_Nicardipine_minimized_2023-3-23-22:52", "coordx": 24.50594594594595, "coordy": 9.553783783783782, "coordz": 6.800540540540541, "logp": 1.2492000000000036, "molwt": 502.3850628040899, "complexity": 1.6683750351041793}, "7djr_Nicardipine_minimized_2023-3-23-22:52": {"energy": -6.17217541, "nomligand": "7djr_Nicardipine_minimized_2023-3-23-22:52", "coordx": 18.93945945945946, "coordy": -0.36054054054054047, "coordz": -4.804324324324325, "logp": 1.2492000000000036, "molwt": 502.3850628040899, "complexity": 1.6683750351041793}}, "Nicotine_minimize": {"7p51_Nicotine_minimized_2023-3-23-22:52": {"energy": -3.75184512, "nomligand": "7p51_Nicotine_minimized_2023-3-23-22:52", "coordx": 19.433846153846154, "coordy": -4.2423076923076914, "coordz": 34.07923076923076, "logp": -0.3368999999999991, "molwt": 169.16992509208998, "complexity": 1.8857276720060387}, "7djr_Nicotine_minimized_2023-3-23-22:52": {"energy": -3.67707014, "nomligand": "7djr_Nicotine_minimized_2023-3-23-22:52", "coordx": 18.156153846153845, "coordy": -4.513076923076923, "coordz": 34.65153846153846, "logp": -0.3368999999999991, "molwt": 169.16992509208998, "complexity": 1.8857276720060387}, "7k3t_Nicotine_minimized_2023-3-23-22:52": {"energy": -3.85054183, "nomligand": "7k3t_Nicotine_minimized_2023-3-23-22:52", "coordx": 25.706923076923076, "coordy": -3.6153846153846154, "coordz": 16.97692307692308, "logp": -0.3368999999999991, "molwt": 169.16992509208998, "complexity": 1.8857276720060387}}, "Montelukast_minimize": {"7p51_Montelukast_minimized_2023-3-23-22:52": {"energy": -7.16078472, "nomligand": "7p51_Montelukast_minimized_2023-3-23-22:52", "coordx": 16.173333333333336, "coordy": 1.0266666666666668, "coordz": -15.429523809523806, "logp": 8.070100000000009, "molwt": 591.46851594, "complexity": 1.1575658189553755}, "7djr_Montelukast_minimized_2023-3-23-22:52": {"energy": -7.66835594, "nomligand": "7djr_Montelukast_minimized_2023-3-23-22:52", "coordx": 5.158333333333333, "coordy": -0.22238095238095235, "coordz": 22.25666666666667, "logp": 8.070100000000009, "molwt": 591.46851594, "complexity": 1.1575658189553755}, "7k3t_Montelukast_minimized_2023-3-23-22:52": {"energy": -6.46589804, "nomligand": "7k3t_Montelukast_minimized_2023-3-23-22:52", "coordx": 5.944761904761905, "coordy": -3.8033333333333337, "coordz": 24.307380952380953, "logp": 8.070100000000009, "molwt": 591.46851594, "complexity": 1.1575658189553755}}, "Posaconazole": {"7p51_Posaconazole_2023-3-23-22:52": {"energy": -6.10627604, "nomligand": "7p51_Posaconazole_2023-3-23-22:52", "coordx": 20.47153846153846, "coordy": -1.6271153846153845, "coordz": -6.47, "logp": 2.3344000000000067, "molwt": 726.533159096, "complexity": 0.8038230448462019}, "7djr_Posaconazole_2023-3-23-22:52": {"energy": -5.39030933, "nomligand": "7djr_Posaconazole_2023-3-23-22:52", "coordx": 25.530576923076918, "coordy": 13.827500000000002, "coordz": 5.021346153846154, "logp": 2.3344000000000067, "molwt": 726.533159096, "complexity": 0.8038230448462019}, "7k3t_Posaconazole_2023-3-23-22:52": {"energy": -5.71841526, "nomligand": "7k3t_Posaconazole_2023-3-23-22:52", "coordx": 18.784807692307695, "coordy": -1.35, "coordz": -8.470769230769232, "logp": 2.3344000000000067, "molwt": 726.533159096, "complexity": 0.8038230448462019}}, "Paracetamol_minimize": {"7p51_Paracetamol_minimized_2023-3-23-22:52": {"energy": -5.29447842, "nomligand": "7p51_Paracetamol_minimized_2023-3-23-22:52", "coordx": 19.091538461538462, "coordy": 7.421538461538461, "coordz": -4.526153846153847, "logp": 0.21780000000000016, "molwt": 159.125928784, "complexity": 2.1712966618489173}, "7k3t_Paracetamol_minimized_2023-3-23-22:52": {"energy": -6.44717121, "nomligand": "7k3t_Paracetamol_minimized_2023-3-23-22:52", "coordx": 5.916923076923078, "coordy": -0.19153846153846152, "coordz": -7.127692307692308, "logp": 0.21780000000000016, "molwt": 159.125928784, "complexity": 2.1712966618489173}, "7djr_Paracetamol_minimized_2023-3-23-22:52": {"energy": -6.88789511, "nomligand": "7djr_Paracetamol_minimized_2023-3-23-22:52", "coordx": 6.056923076923076, "coordy": -0.556923076923077, "coordz": -6.8500000000000005, "logp": 0.21780000000000016, "molwt": 159.125928784, "complexity": 2.1712966618489173}}, "Chlorhexidine_minimize": {"7p51_Chlorhexidine_minimized_2023-3-23-22:52": {"energy": -6.09697819, "nomligand": "7p51_Chlorhexidine_minimized_2023-3-23-22:52", "coordx": 12.778636363636366, "coordy": 20.082954545454545, "coordz": 6.274772727272727, "logp": 0.2110000000000063, "molwt": 484.4689417920001, "complexity": 1.3795936169230512}, "7djr_Chlorhexidine_minimized_2023-3-23-22:52": {"energy": -6.02243376, "nomligand": "7djr_Chlorhexidine_minimized_2023-3-23-22:52", "coordx": 23.67681818181818, "coordy": 7.132954545454546, "coordz": 14.081363636363637, "logp": 0.2110000000000063, "molwt": 484.4689417920001, "complexity": 1.3795936169230512},